{"eval_exact_match": 76.66982024597918, "eval_f1": 84.93005177088239}