{"eval_exact_match": 69.4327731092437, "eval_f1": 76.6383056834821}