{"eval_exact_match": 52.03405865657521, "eval_f1": 60.91604392517262}