{"eval_exact_match": 54.13165266106443, "eval_f1": 63.39424255699409}