{"eval_exact_match": 68.24229691876751, "eval_f1": 76.13921395517815}