{"eval_loss": 0.29682672023773193, "eval_accuracy": 0.8976833820343018, "eval_runtime": 55.6319, "eval_samples_per_second": 176.913, "eval_steps_per_second": 22.128}