{"eval_exact_match": 97.58403361344538, "eval_f1": 98.41235430065854}