{"eval_exact_match": 77.97619047619048, "eval_f1": 83.5676765871959}