{"eval_exact_match": 66.77170868347339, "eval_f1": 75.06150131944403}