{"eval_loss": 0.29682672023773193, "eval_accuracy": 0.8976833820343018, "eval_runtime": 21.3864, "eval_samples_per_second": 460.199, "eval_steps_per_second": 57.56}