{"eval_exact_match": 66.98179271708683, "eval_f1": 74.87274149014229}