{"eval_exact_match": 80.28711484593838, "eval_f1": 86.60582455867709}