{"eval_exact_match": 92.75210084033614, "eval_f1": 94.13724088905232}